L2,H3,H2,H1,L5
L3,L1,H1,H2,L3
L2,L3,L5,L5,W
T,H4,L4,L1,H3
L5,L5,L1,H1,L4
H4,L4,L4,T,H1
T,L4,T,L3,L2
H3,L4,L4,L2,L2
S,L3,H4,H1,L3
L5,H2,L1,H1,L5
H2,L2,H4,H4,H2
T,L3,L5,H3,L4
L2,L5,W,L3,H4
L1,L5,H2,L4,H4
H2,L4,L4,L5,L1
L5,L3,L2,L3,L5
L5,L4,T,H3,L4
L2,H4,L5,T,L3
H4,L1,H4,L4,L3
L4,H2,H1,W,L1
H2,H3,L1,L5,T
L5,L4,L3,L1,L3
L3,L5,L2,H3,H4
L3,H2,T,L4,L1
L4,L4,H3,L1,T
H2,L1,L2,L1,H3
L3,H3,W,T,H2
L5,L2,L2,L2,L2
H4,T,T,H4,L5
H1,T,L2,L2,L5
L4,L2,L3,W,H2
L3,W,H3,L1,H1
H3,L5,L4,H3,H3
L4,L4,L4,H4,L4
L5,L5,H4,L5,H1
H3,H4,L3,L5,L4
L5,H1,L1,L4,L1
L2,S,W,L5,L2
L1,L5,H3,L5,H3
L5,L3,H2,H2,T
H1,L2,L5,L4,W
L4,W,L2,L3,L5
H1,L1,T,L2,L2
L1,T,L3,L4,H2
H4,W,L3,H4,L4
L1,L3,W,L2,L1
H4,H1,L5,L3,L4
L2,L3,L1,L4,W
L1,H3,L1,W,L4
L4,H2,H1,L2,L5
H2,L3,L3,L1,H1
L4,L3,H4,H2,L5
L2,H2,L3,W,L1
L5,L1,L4,L5,T
L4,T,L5,T,W
H3,L1,L5,L3,L3
L5,T,H3,S,S
T,L2,L2,L1,H4
L1,H4,H1,H2,H2
H1,L5,L5,L4,L4
T,H1,H2,L5,L3
L4,H4,S,L5,H3
L3,H3,L4,H2,L1
L3,W,H4,T,L2
L3,L2,L2,L3,T
L2,L4,L4,H3,H4
L4,H1,L3,H4,L5
L1,L1,H3,L2,L2
L4,H4,L1,H4,L5
H3,L2,H2,L2,L2
H4,L5,L5,L3,L3
L3,L2,S,L4,H4
