H3,W,H2,L3,L5
L1,H2,W,H3,H1
L3,L5,L5,W,H1
H2,H3,H1,H2,H2
T,L1,H1,H2,W
L1,T,H3,T,W
L4,L3,T,L1,L1
T,S,W,H2,S
T,H2,H2,T,H1
L5,H1,H1,S,H2
H1,H2,T,L2,L1
H1,H1,T,L5,S
H1,T,T,W,L2
H2,H3,L1,L3,T
H2,W,H4,L5,W
H4,T,L3,H4,H2
L3,L3,H2,H3,H3
L3,H1,H4,L1,L2
L3,H4,H2,H1,L5
H1,S,S,H3,S
H1,L2,L4,S,L1
L2,H3,L4,H1,H1
H4,T,H1,L4,T
T,L2,H3,H1,T
L2,T,L5,L4,H1
L3,H1,L3,H4,L3
L3,H2,H4,T,H1
S,W,L2,H1,H3
T,L1,T,L1,L4
H3,L5,S,T,H4
H4,H2,L3,H1,H2
L5,W,L1,H3,T
S,H1,H1,H2,L3
H2,H1,L2,H1,H3
L1,H2,H3,L2,H4
L4,H1,L2,T,W
H3,H4,T,W,H3
L4,L1,W,H2,H4
T,L4,W,H4,H2
H2,H4,S,H2,L3
H1,L4,H1,H1,T
L2,T,H3,L5,H1
H3,L5,L1,L4,T
H1,L3,H2,W,H2
H1,S,L4,L3,L4
L5,H1,H2,T,H1
L5,W,H1,S,L5
H2,L2,L5,L2,L4
L5,L4,W,H1,L2
S,H3,H1,W,W
